case_id,event_count
P0001,7
P0002,5
P0003,5
P0004,7
P0005,5
P0006,7
P0007,7
P0008,5
P0009,5
P0010,5
P0011,7
P0012,5
P0013,5
P0014,5
P0015,5
P0016,5
P0017,5
P0018,7
P0019,5
P0020,5
P0021,5
P0022,7
P0023,5
P0024,5
P0025,7
P0026,5
P0027,5
P0028,7
P0029,7
P0030,5
P0031,5
P0032,7
P0033,7
P0034,7
P0035,5
P0036,5
P0037,5
P0038,7
P0039,5
P0040,5
P0041,7
P0042,5
P0043,7
P0044,7
P0045,7
P0046,7
P0047,5
P0048,7
P0049,5
P0050,5
P0051,5
P0052,5
P0053,5
P0054,5
P0055,7
P0056,5
P0057,5
P0058,5
P0059,5
P0060,7
P0061,5
P0062,5
P0063,5
P0064,5
P0065,5
P0066,5
P0067,5
P0068,5
P0069,7
P0070,5
P0071,5
P0072,5
P0073,7
P0074,5
P0075,5
P0076,5
P0077,5
P0078,5
P0079,5
P0080,5
P0081,5
P0082,7
P0083,7
P0084,7
P0085,5
P0086,5
P0087,7
P0088,5
P0089,5
P0090,5
P0091,5
P0092,5
P0093,5
P0094,7
P0095,7
P0096,7
P0097,5
P0098,5
P0099,7
P0100,7
P0101,5
P0102,5
P0103,5
P0104,5
P0105,7
P0106,5
P0107,7
P0108,5
P0109,7
P0110,7
P0111,5
P0112,7
P0113,5
P0114,5
P0115,5
P0116,7
P0117,5
P0118,7
P0119,7
P0120,7
P0121,5
P0122,5
P0123,7
P0124,7
P0125,5
P0126,5
P0127,7
P0128,5
P0129,5
P0130,7
P0131,5
P0132,7
P0133,5
P0134,5
P0135,7
P0136,5
P0137,7
P0138,7
P0139,5
P0140,5
P0141,7
P0142,5
P0143,7
P0144,5
P0145,7
P0146,7
P0147,5
P0148,5
P0149,5
P0150,5
P0151,5
P0152,7
P0153,5
P0154,5
P0155,7
P0156,7
P0157,5
P0158,5
P0159,5
P0160,5
P0161,7
P0162,7
P0163,5
P0164,5
P0165,5
P0166,7
P0167,5
P0168,5
P0169,7
P0170,7
P0171,7
P0172,5
P0173,5
P0174,7
P0175,7
P0176,5
P0177,5
P0178,5
P0179,5
P0180,5
P0181,5
P0182,5
P0183,5
P0184,7
P0185,5
P0186,7
P0187,7
P0188,5
P0189,5
P0190,7
P0191,5
P0192,5
P0193,5
P0194,7
P0195,5
P0196,5
P0197,5
P0198,7
P0199,5
P0200,7
P0201,5
P0202,7
P0203,5
P0204,5
P0205,5
P0206,5
P0207,5
P0208,7
P0209,5
P0210,5
P0211,7
P0212,5
P0213,5
P0214,7
P0215,5
P0216,5
P0217,7
P0218,7
P0219,5
P0220,7
P0221,5
P0222,5
P0223,7
P0224,5
P0225,7
P0226,5
P0227,7
P0228,5
P0229,7
P0230,5
P0231,5
P0232,5
P0233,7
P0234,5
P0235,7
P0236,5
P0237,5
P0238,5
P0239,5
P0240,5
P0241,5
P0242,7
P0243,5
P0244,5
P0245,7
P0246,7
P0247,5
P0248,5
P0249,5
P0250,5
P0251,5
P0252,5
P0253,5
P0254,5
P0255,5
P0256,5
P0257,5
P0258,5
P0259,7
P0260,5
P0261,5
P0262,5
P0263,7
P0264,5
P0265,5
P0266,7
P0267,5
P0268,5
P0269,5
P0270,5
P0271,7
P0272,5
P0273,5
P0274,7
P0275,7
P0276,7
P0277,5
P0278,5
P0279,5
P0280,5
P0281,5
P0282,5
P0283,7
P0284,5
P0285,7
P0286,5
P0287,7
P0288,5
P0289,7
P0290,7
P0291,5
P0292,5
P0293,5
P0294,5
P0295,5
P0296,5
P0297,5
P0298,5
P0299,7
P0300,7
P0301,7
P0302,7
P0303,5
P0304,7
P0305,5
P0306,5
P0307,7
P0308,7
P0309,7
P0310,5
P0311,5
P0312,7
P0313,5
P0314,5
P0315,5
P0316,5
P0317,7
P0318,5
P0319,5
P0320,5
P0321,5
P0322,5
P0323,5
P0324,7
P0325,5
P0326,5
P0327,5
P0328,5
P0329,5
P0330,5
P0331,5
P0332,5
P0333,5
P0334,5
P0335,7
P0336,5
P0337,7
P0338,5
P0339,5
P0340,7
P0341,5
P0342,5
P0343,7
P0344,5
P0345,7
P0346,5
P0347,5
P0348,5
P0349,7
P0350,5
P0351,5
P0352,7
P0353,5
P0354,5
P0355,7
P0356,5
P0357,5
P0358,5
P0359,7
P0360,5
P0361,5
P0362,5
P0363,7
P0364,7
P0365,7
P0366,5
P0367,5
P0368,7
P0369,7
P0370,5
P0371,7
P0372,5
P0373,5
P0374,5
P0375,5
P0376,7
P0377,5
P0378,5
P0379,7
P0380,5
P0381,5
P0382,7
P0383,5
P0384,5
P0385,5
P0386,5
P0387,5
P0388,5
P0389,5
P0390,5
P0391,5
P0392,5
P0393,5
P0394,7
P0395,7
P0396,5
P0397,5
P0398,5
P0399,5
P0400,5
P0401,5
P0402,7
P0403,5
P0404,5
P0405,7
P0406,7
P0407,5
P0408,5
P0409,5
P0410,5
P0411,7
P0412,7
P0413,5
P0414,5
P0415,7
P0416,5
P0417,7
P0418,7
P0419,7
P0420,7
P0421,7
P0422,5
P0423,7
P0424,5
P0425,5
P0426,5
P0427,5
P0428,5
P0429,7
P0430,7
P0431,5
P0432,5
P0433,5
P0434,7
P0435,5
P0436,7
P0437,7
P0438,5
P0439,5
P0440,5
P0441,5
P0442,5
P0443,7
P0444,5
P0445,5
P0446,5
P0447,7
P0448,5
P0449,7
P0450,5
P0451,7
P0452,7
P0453,5
P0454,5
P0455,7
P0456,5
P0457,7
P0458,7
P0459,5
P0460,7
P0461,5
P0462,5
P0463,7
P0464,5
P0465,7
P0466,5
P0467,5
P0468,5
P0469,7
P0470,7
P0471,7
P0472,5
P0473,7
P0474,5
P0475,5
P0476,5
P0477,5
P0478,7
P0479,5
P0480,5
P0481,7
P0482,7
P0483,5
P0484,5
P0485,7
P0486,5
P0487,7
P0488,5
P0489,7
P0490,5
P0491,7
P0492,5
P0493,5
P0494,5
P0495,7
P0496,5
P0497,7
P0498,5
P0499,5
P0500,5
P0501,7
P0502,5
P0503,5
P0504,7
P0505,5
P0506,5
P0507,5
P0508,7
P0509,5
P0510,5
P0511,5
P0512,5
P0513,5
P0514,5
P0515,5
P0516,5
P0517,5
P0518,7
P0519,5
P0520,5
P0521,5
P0522,5
P0523,7
P0524,5
P0525,5
P0526,5
P0527,5
P0528,5
P0529,5
P0530,7
P0531,7
P0532,5
P0533,5
P0534,5
P0535,5
P0536,7
P0537,7
P0538,5
P0539,5
P0540,7
P0541,5
P0542,5
P0543,5
P0544,5
P0545,7
P0546,7
P0547,5
P0548,7
P0549,7
P0550,5
P0551,7
P0552,7
P0553,5
P0554,7
P0555,7
P0556,5
P0557,5
P0558,5
P0559,7
P0560,7
P0561,7
P0562,5
P0563,5
P0564,5
P0565,7
P0566,5
P0567,7
P0568,5
P0569,7
P0570,5
P0571,5
P0572,5
P0573,5
P0574,5
P0575,7
P0576,7
P0577,5
P0578,7
P0579,5
P0580,7
P0581,7
P0582,5
P0583,5
P0584,5
P0585,5
P0586,7
P0587,7
P0588,7
P0589,5
P0590,5
P0591,5
P0592,5
P0593,7
P0594,5
P0595,5
P0596,5
P0597,7
P0598,5
P0599,5
P0600,7
P0601,7
P0602,7
P0603,7
P0604,5
P0605,5
P0606,5
P0607,5
P0608,5
P0609,5
P0610,7
P0611,5
P0612,5
P0613,5
P0614,5
P0615,7
P0616,5
P0617,7
P0618,7
P0619,5
P0620,5
P0621,5
P0622,5
P0623,5
P0624,5
P0625,5
P0626,7
P0627,5
P0628,5
P0629,7
P0630,7
P0631,5
P0632,7
P0633,5
P0634,5
P0635,5
P0636,5
P0637,5
P0638,7
P0639,5
P0640,5
P0641,5
P0642,5
P0643,5
P0644,7
P0645,5
P0646,5
P0647,7
P0648,5
P0649,7
P0650,7
P0651,5
P0652,5
P0653,5
P0654,5
P0655,5
P0656,5
P0657,7
P0658,5
P0659,5
P0660,5
P0661,7
P0662,5
P0663,5
P0664,7
P0665,5
P0666,7
P0667,5
P0668,5
P0669,5
P0670,5
P0671,5
P0672,7
P0673,7
P0674,7
P0675,7
P0676,7
P0677,5
P0678,7
P0679,5
P0680,5
P0681,7
P0682,5
P0683,5
P0684,5
P0685,5
P0686,5
P0687,5
P0688,5
P0689,5
P0690,7
P0691,5
P0692,5
P0693,7
P0694,5
P0695,5
P0696,5
P0697,7
P0698,5
P0699,7
P0700,7
P0701,5
P0702,7
P0703,5
P0704,5
P0705,7
P0706,7
P0707,5
P0708,5
P0709,5
P0710,7
P0711,7
P0712,5
P0713,5
P0714,5
P0715,5
P0716,5
P0717,7
P0718,5
P0719,7
P0720,7
P0721,5
P0722,5
P0723,7
P0724,7
P0725,5
P0726,7
P0727,5
P0728,5
P0729,5
P0730,7
P0731,7
P0732,7
P0733,5
P0734,7
P0735,5
P0736,5
P0737,5
P0738,7
P0739,5
P0740,7
P0741,5
P0742,5
P0743,5
P0744,5
P0745,5
P0746,5
P0747,5
P0748,5
P0749,5
P0750,5
P0751,5
P0752,7
P0753,5
P0754,5
P0755,5
P0756,7
P0757,7
P0758,5
P0759,5
P0760,5
P0761,5
P0762,5
P0763,7
P0764,5
P0765,5
P0766,7
P0767,5
P0768,5
P0769,5
P0770,7
P0771,5
P0772,5
P0773,7
P0774,5
P0775,5
P0776,5
P0777,5
P0778,7
P0779,5
P0780,5
P0781,5
P0782,7
P0783,5
P0784,7
P0785,5
P0786,5
P0787,5
P0788,7
P0789,5
P0790,5
P0791,7
P0792,5
P0793,5
P0794,5
P0795,5
P0796,7
P0797,7
P0798,7
P0799,5
P0800,5
P0801,5
P0802,7
P0803,5
P0804,5
P0805,7
P0806,5
P0807,7
P0808,5
P0809,7
P0810,5
P0811,5
P0812,7
P0813,7
P0814,7
P0815,7
P0816,7
P0817,5
P0818,5
P0819,5
P0820,5
P0821,7
P0822,5
P0823,5
P0824,5
P0825,5
P0826,7
P0827,5
P0828,5
P0829,5
P0830,7
P0831,7
P0832,5
P0833,7
P0834,7
P0835,5
P0836,7
P0837,5
P0838,7
P0839,5
P0840,5
P0841,5
P0842,5
P0843,7
P0844,5
P0845,5
P0846,7
P0847,5
P0848,5
P0849,7
P0850,5
P0851,7
P0852,7
P0853,7
P0854,5
P0855,5
P0856,5
P0857,5
P0858,7
P0859,5
P0860,5
P0861,5
P0862,5
P0863,5
P0864,7
P0865,7
P0866,5
P0867,7
P0868,5
P0869,5
P0870,5
P0871,5
P0872,5
P0873,5
P0874,5
P0875,5
P0876,5
P0877,5
P0878,5
P0879,5
P0880,5
P0881,7
P0882,7
P0883,7
P0884,7
P0885,5
P0886,5
P0887,5
P0888,5
P0889,5
P0890,5
P0891,7
P0892,7
P0893,7
P0894,7
P0895,7
P0896,5
P0897,5
P0898,5
P0899,7
P0900,5
P0901,7
P0902,7
P0903,5
P0904,5
P0905,5
P0906,5
P0907,7
P0908,5
P0909,5
P0910,5
P0911,5
P0912,7
P0913,7
P0914,7
P0915,5
P0916,5
P0917,7
P0918,5
P0919,5
P0920,7
P0921,5
P0922,5
P0923,5
P0924,7
P0925,5
P0926,5
P0927,5
P0928,5
P0929,5
P0930,5
P0931,5
P0932,5
P0933,5
P0934,7
P0935,7
P0936,7
P0937,5
P0938,7
P0939,5
P0940,5
P0941,5
P0942,5
P0943,5
P0944,5
P0945,5
P0946,5
P0947,5
P0948,5
P0949,5
P0950,7
P0951,5
P0952,7
P0953,5
P0954,7
P0955,5
P0956,5
P0957,5
P0958,7
P0959,5
P0960,5
P0961,5
P0962,5
P0963,5
P0964,7
P0965,5
P0966,5
P0967,7
P0968,7
P0969,7
P0970,5
P0971,7
P0972,5
P0973,5
P0974,7
P0975,7
P0976,5
P0977,5
P0978,7
P0979,5
P0980,5
P0981,5
P0982,5
P0983,5
P0984,5
P0985,5
P0986,5
P0987,7
P0988,7
P0989,5
P0990,5
P0991,5
P0992,5
P0993,7
P0994,5
P0995,5
P0996,5
P0997,5
P0998,5
P0999,5
P1000,7
P1001,7
P1002,5
P1003,5
P1004,5
P1005,7
P1006,7
P1007,5
P1008,7
P1009,5
P1010,5
P1011,7
P1012,7
P1013,5
P1014,7
P1015,7
P1016,5
P1017,7
P1018,7
P1019,5
P1020,7
P1021,5
P1022,5
P1023,5
P1024,5
P1025,7
P1026,5
P1027,7
P1028,7
P1029,7
P1030,5
P1031,7
P1032,5
P1033,5
P1034,7
P1035,5
P1036,7
P1037,7
P1038,7
P1039,5
P1040,7
P1041,5
P1042,7
P1043,7
P1044,7
P1045,5
P1046,5
P1047,5
P1048,5
P1049,7
P1050,5
P1051,7
P1052,7
P1053,5
P1054,7
P1055,5
P1056,5
P1057,5
P1058,5
P1059,5
P1060,5
P1061,7
P1062,7
P1063,7
P1064,5
P1065,7
P1066,5
P1067,5
P1068,5
P1069,7
P1070,5
P1071,7
P1072,5
P1073,7
P1074,5
P1075,5
P1076,5
P1077,5
P1078,7
P1079,5
P1080,5
P1081,7
P1082,5
P1083,7
P1084,5
P1085,5
P1086,7
P1087,7
P1088,5
P1089,5
P1090,5
P1091,7
P1092,7
P1093,7
P1094,5
P1095,7
P1096,7
P1097,7
P1098,7
P1099,5
P1100,5
P1101,7
P1102,7
P1103,5
P1104,5
P1105,5
P1106,5
P1107,5
P1108,7
P1109,7
P1110,7
P1111,7
P1112,5
P1113,7
P1114,5
P1115,5
P1116,5
P1117,5
P1118,5
P1119,7
P1120,5
P1121,5
P1122,7
P1123,5
P1124,5
P1125,5
P1126,5
P1127,7
P1128,5
P1129,5
P1130,5
P1131,5
P1132,5
P1133,5
P1134,7
P1135,5
P1136,5
P1137,5
P1138,5
P1139,5
P1140,7
P1141,5
P1142,5
P1143,7
P1144,5
P1145,5
P1146,5
P1147,7
P1148,5
P1149,5
P1150,5
P1151,5
P1152,5
P1153,5
P1154,5
P1155,7
P1156,5
P1157,5
P1158,5
P1159,5
P1160,7
P1161,5
P1162,7
P1163,7
P1164,7
P1165,5
P1166,5
P1167,7
P1168,5
P1169,5
P1170,5
P1171,5
P1172,5
P1173,5
P1174,5
P1175,5
P1176,5
P1177,5
P1178,7
P1179,5
P1180,5
P1181,5
P1182,5
P1183,7
P1184,5
P1185,5
P1186,5
P1187,5
P1188,5
P1189,5
P1190,5
P1191,5
P1192,7
P1193,7
P1194,5
P1195,5
P1196,5
P1197,5
P1198,5
P1199,5
P1200,5
P1201,5
P1202,7
P1203,7
P1204,5
P1205,7
P1206,5
P1207,7
P1208,7
P1209,5
P1210,7
P1211,5
P1212,7
P1213,5
P1214,7
P1215,5
P1216,5
P1217,5
P1218,5
P1219,7
P1220,7
P1221,7
P1222,5
P1223,5
P1224,5
P1225,5
P1226,5
P1227,7
P1228,5
P1229,5
P1230,5
P1231,5
P1232,7
P1233,7
P1234,7
P1235,5
P1236,7
P1237,5
P1238,7
P1239,5
P1240,7
P1241,7
P1242,7
P1243,5
P1244,5
P1245,5
P1246,7
P1247,7
P1248,5
P1249,5
P1250,5
P1251,7
P1252,5
P1253,7
P1254,5
P1255,7
P1256,5
P1257,5
P1258,7
P1259,5
P1260,5
P1261,5
P1262,7
P1263,5
P1264,7
P1265,7
P1266,7
P1267,5
P1268,7
P1269,7
P1270,7
P1271,5
P1272,7
P1273,7
P1274,5
P1275,5
P1276,7
P1277,7
P1278,5
P1279,7
P1280,7
P1281,5
P1282,5
P1283,5
P1284,7
P1285,7
P1286,5
P1287,5
P1288,5
P1289,7
P1290,5
P1291,7
P1292,5
P1293,5
P1294,5
P1295,7
P1296,7
P1297,7
P1298,7
P1299,5
P1300,5
P1301,5
P1302,5
P1303,5
P1304,5
P1305,7
P1306,5
P1307,5
P1308,7
P1309,5
P1310,7
P1311,5
P1312,5
P1313,5
P1314,5
P1315,7
P1316,5
P1317,5
P1318,5
P1319,5
P1320,5
P1321,5
P1322,5
P1323,7
P1324,5
P1325,7
P1326,7
P1327,5
P1328,7
P1329,5
P1330,5
P1331,5
P1332,5
P1333,5
P1334,5
P1335,5
P1336,5
P1337,5
P1338,5
P1339,5
P1340,7
P1341,5
P1342,5
P1343,7
P1344,7
P1345,5
P1346,5
P1347,7
P1348,5
P1349,7
P1350,5
P1351,5
P1352,7
P1353,5
P1354,5
P1355,5
P1356,5
P1357,7
P1358,7
P1359,5
P1360,5
P1361,5
P1362,5
P1363,5
P1364,7
P1365,7
P1366,7
P1367,5
P1368,5
P1369,7
P1370,5
P1371,7
P1372,5
P1373,5
P1374,7
P1375,5
P1376,5
P1377,7
P1378,5
P1379,5
P1380,5
P1381,5
P1382,7
P1383,7
P1384,5
P1385,5
P1386,5
P1387,5
P1388,5
P1389,5
P1390,5
P1391,5
P1392,5
P1393,5
P1394,5
P1395,7
P1396,5
P1397,5
P1398,5
P1399,5
P1400,5
P1401,5
P1402,7
P1403,7
P1404,5
P1405,7
P1406,5
P1407,5
P1408,5
P1409,5
P1410,7
P1411,5
P1412,5
P1413,5
P1414,5
P1415,7
P1416,5
P1417,7
P1418,5
P1419,5
P1420,5
P1421,5
P1422,5
P1423,7
P1424,7
P1425,7
P1426,5
P1427,7
P1428,5
P1429,5
P1430,5
P1431,5
P1432,7
P1433,5
P1434,7
P1435,5
P1436,7
P1437,5
P1438,5
P1439,7
P1440,7
P1441,5
P1442,5
P1443,5
P1444,7
P1445,7
P1446,7
P1447,5
P1448,5
P1449,5
P1450,7
P1451,5
P1452,7
P1453,5
P1454,5
P1455,7
P1456,5
P1457,5
P1458,5
P1459,5
P1460,5
P1461,7
P1462,5
P1463,5
P1464,5
P1465,7
P1466,7
P1467,5
P1468,7
P1469,7
P1470,7
P1471,5
P1472,5
P1473,5
P1474,5
P1475,7
P1476,5
P1477,5
P1478,5
P1479,7
P1480,5
P1481,5
P1482,7
P1483,5
P1484,7
P1485,5
P1486,7
P1487,7
P1488,5
P1489,5
P1490,5
P1491,7
P1492,7
P1493,5
P1494,7
P1495,5
P1496,5
P1497,7
P1498,7
P1499,5
P1500,7
P1501,5
P1502,5
P1503,7
P1504,5
P1505,7
P1506,5
P1507,5
P1508,5
P1509,7
P1510,7
P1511,5
P1512,7
P1513,5
P1514,7
P1515,5
P1516,7
P1517,7
P1518,5
P1519,5
P1520,7
P1521,5
P1522,5
P1523,7
P1524,5
P1525,5
P1526,5
P1527,5
P1528,7
P1529,5
P1530,5
P1531,5
P1532,5
P1533,5
P1534,5
P1535,7
P1536,5
P1537,5
P1538,7
P1539,5
P1540,5
P1541,5
P1542,5
P1543,7
P1544,5
P1545,7
P1546,5
P1547,5
P1548,5
P1549,5
P1550,5
P1551,7
P1552,5
P1553,5
P1554,7
P1555,7
P1556,7
P1557,7
P1558,7
P1559,7
P1560,5
P1561,5
P1562,7
P1563,7
P1564,5
P1565,5
P1566,5
P1567,5
P1568,5
P1569,5
P1570,5
P1571,7
P1572,5
P1573,5
P1574,5
P1575,5
P1576,5
P1577,5
P1578,7
P1579,7
P1580,7
P1581,7
P1582,5
P1583,5
P1584,5
P1585,5
P1586,5
P1587,5
P1588,5
P1589,7
P1590,5
P1591,5
P1592,7
P1593,5
P1594,5
P1595,5
P1596,5
P1597,7
P1598,5
P1599,5
P1600,7
P1601,7
P1602,7
P1603,5
P1604,5
P1605,5
P1606,7
P1607,5
P1608,5
P1609,5
P1610,7
P1611,5
P1612,5
P1613,5
P1614,5
P1615,7
P1616,7
P1617,5
P1618,5
P1619,7
P1620,7
P1621,5
P1622,7
P1623,7
P1624,7
P1625,5
P1626,5
P1627,5
P1628,7
P1629,5
P1630,5
P1631,5
P1632,5
P1633,7
P1634,5
P1635,5
P1636,7
P1637,5
P1638,7
P1639,5
P1640,7
P1641,5
P1642,5
P1643,5
P1644,5
P1645,5
P1646,5
P1647,5
P1648,7
P1649,5
P1650,5
P1651,5
P1652,7
P1653,5
P1654,5
P1655,5
P1656,7
P1657,5
P1658,5
P1659,5
P1660,7
P1661,7
P1662,7
P1663,5
P1664,7
P1665,5
P1666,7
P1667,5
P1668,5
P1669,5
P1670,5
P1671,5
P1672,5
P1673,7
P1674,5
P1675,7
P1676,5
P1677,7
P1678,7
P1679,7
P1680,7
P1681,5
P1682,5
P1683,5
P1684,7
P1685,5
P1686,5
P1687,5
P1688,7
P1689,7
P1690,5
P1691,5
P1692,5
P1693,5
P1694,5
P1695,7
P1696,5
P1697,5
P1698,5
P1699,7
P1700,5
P1701,7
P1702,7
P1703,5
P1704,7
P1705,5
P1706,7
P1707,7
P1708,5
P1709,5
P1710,5
P1711,7
P1712,7
P1713,7
P1714,5
P1715,7
P1716,7
P1717,7
P1718,7
P1719,5
P1720,7
P1721,7
P1722,5
P1723,5
P1724,5
P1725,7
P1726,5
P1727,5
P1728,5
P1729,5
P1730,5
P1731,5
P1732,7
P1733,5
P1734,5
P1735,7
P1736,5
P1737,5
P1738,5
P1739,7
P1740,5
P1741,7
P1742,5
P1743,5
P1744,7
P1745,5
P1746,5
P1747,5
P1748,5
P1749,7
P1750,7
P1751,7
P1752,5
P1753,5
P1754,5
P1755,7
P1756,5
P1757,5
P1758,5
P1759,7
P1760,7
P1761,5
P1762,5
P1763,7
P1764,5
P1765,5
P1766,5
P1767,5
P1768,7
P1769,7
P1770,5
P1771,5
P1772,5
P1773,5
P1774,7
P1775,5
P1776,7
P1777,7
P1778,7
P1779,5
P1780,5
P1781,7
P1782,5
P1783,5
P1784,5
P1785,5
P1786,5
P1787,5
P1788,5
P1789,7
P1790,5
P1791,7
P1792,5
P1793,5
P1794,5
P1795,5
P1796,5
P1797,5
P1798,7
P1799,7
P1800,7
P1801,5
P1802,5
P1803,5
P1804,5
P1805,5
P1806,5
P1807,7
P1808,5
P1809,7
P1810,5
P1811,5
P1812,5
P1813,5
P1814,5
P1815,5
P1816,7
P1817,7
P1818,7
P1819,5
P1820,5
P1821,5
P1822,7
P1823,5
P1824,5
P1825,5
P1826,7
P1827,5
P1828,5
P1829,5
P1830,7
P1831,7
P1832,5
P1833,5
P1834,5
P1835,5
P1836,5
P1837,5
P1838,5
P1839,7
P1840,7
P1841,7
P1842,7
P1843,5
P1844,5
P1845,7
P1846,7
P1847,5
P1848,5
P1849,5
P1850,7
P1851,5
P1852,5
P1853,7
P1854,5
P1855,5
P1856,5
P1857,7
P1858,5
P1859,5
P1860,7
P1861,5
P1862,5
P1863,5
P1864,5
P1865,5
P1866,5
P1867,5
P1868,5
P1869,7
P1870,5
P1871,7
P1872,7
P1873,7
P1874,5
P1875,5
P1876,7
P1877,7
P1878,7
P1879,7
P1880,7
P1881,5
P1882,5
P1883,7
P1884,5
P1885,5
P1886,5
P1887,5
P1888,7
P1889,7
P1890,5
P1891,7
P1892,7
P1893,5
P1894,5
P1895,5
P1896,5
P1897,5
P1898,7
P1899,7
P1900,5
P1901,5
P1902,5
P1903,5
P1904,5
P1905,5
P1906,7
P1907,7
P1908,5
P1909,7
P1910,5
P1911,5
P1912,7
P1913,7
P1914,7
P1915,7
P1916,7
P1917,7
P1918,5
P1919,5
P1920,5
P1921,7
P1922,5
P1923,5
P1924,5
P1925,7
P1926,7
P1927,7
P1928,7
P1929,5
P1930,5
P1931,5
P1932,7
P1933,7
P1934,5
P1935,5
P1936,7
P1937,7
P1938,7
P1939,7
P1940,5
P1941,7
P1942,5
P1943,7
P1944,5
P1945,5
P1946,5
P1947,7
P1948,5
P1949,5
P1950,5
P1951,7
P1952,7
P1953,7
P1954,5
P1955,7
P1956,5
P1957,7
P1958,5
P1959,5
P1960,5
P1961,7
P1962,5
P1963,7
P1964,5
P1965,7
P1966,5
P1967,5
P1968,5
P1969,5
P1970,7
P1971,7
P1972,7
P1973,5
P1974,7
P1975,5
P1976,7
P1977,5
P1978,5
P1979,5
P1980,5
P1981,5
P1982,5
P1983,7
P1984,5
P1985,7
P1986,7
P1987,7
P1988,5
P1989,5
P1990,5
P1991,5
P1992,5
P1993,7
P1994,7
P1995,5
P1996,7
P1997,5
P1998,5
P1999,5
P2000,5
